n,t_mean,t_stdev,t_Q0,t_Q1,t_Q2,t_Q3,t_Q4
2,0,0,0,0,0,0,0
4,0,0,0,0,0,0,0
8,0,0,0,0,0,0,0
16,31250,176777,0,0,0,0,1e+006
32,62718.8,246796,0,0,0,0,1.005e+006
64,714719,482289,0,376500,996500,1.00525e+006,1.522e+006
128,5.83422e+006,751675,4.515e+006,5.50125e+006,6.0125e+006,6.11625e+006,7.26e+006
256,4.69905e+007,4.56252e+006,4.1889e+007,4.32082e+007,4.51005e+007,5.0461e+007,5.9513e+007
512,3.49863e+008,1.94675e+007,3.35311e+008,3.38844e+008,3.40762e+008,3.55917e+008,4.13413e+008
