n,t_mean,t_stdev,t_Q0,t_Q1,t_Q2,t_Q3,t_Q4
2,31187.5,176423,0,0,0,0,998000
4,0,0,0,0,0,0,0
8,109688,354286,0,0,0,0,1.506e+006
16,614906,623790,0,0,762500,1.0105e+006,1.575e+006
32,4.00056e+006,813857,2.507e+006,3.508e+006,4.015e+006,4.5175e+006,6.01e+006
64,3.08219e+007,4.4376e+006,2.5854e+007,2.80258e+007,2.8667e+007,3.2618e+007,4.2153e+007
128,2.00128e+008,8.04199e+006,1.92058e+008,1.96765e+008,1.97593e+008,2.01418e+008,2.38657e+008
256,1.27469e+009,1.10245e+007,1.25971e+009,1.26474e+009,1.27299e+009,1.28298e+009,1.30444e+009
512,8.89352e+009,1.32861e+008,8.74751e+009,8.83111e+009,8.86583e+009,8.90774e+009,9.5119e+009
